GlobalRank,TldRank,Domain,TLD,RefSubNets,RefIPs,IDN_Domain,IDN_TLD,PrevGlobalRank,PrevTldRank,PrevRefSubNets,PrevRefIPs
1,1,facebook.com,com,497333,2914054,facebook.com,com,1,1,497433,2916195
2,2,google.com,com,492473,2686536,google.com,com,2,2,492566,2688444
3,3,youtube.com,com,448907,2363645,youtube.com,com,3,3,449037,2365849
4,4,twitter.com,com,439791,2327752,twitter.com,com,4,4,439928,2329826
5,5,instagram.com,com,353072,1721296,instagram.com,com,5,5,352891,1721838
6,6,linkedin.com,com,341538,1508283,linkedin.com,com,6,6,341473,1508832
7,7,microsoft.com,com,308805,1108908,microsoft.com,com,7,7,309214,1110497
8,8,apple.com,com,291894,1012747,apple.com,com,8,8,292028,1014057
9,1,wikipedia.org,org,285706,1109563,wikipedia.org,org,9,1,285825,1110920
10,9,plus.google.com,com,251012,1072863,plus.google.com,com,10,9,251137,1073489
11,10,googletagmanager.com,com,240642,844668,googletagmanager.com,com,11,10,240528,844774
12,2,en.wikipedia.org,org,239394,829777,en.wikipedia.org,org,12,2,239390,830726
13,1,youtu.be,be,237875,834838,youtu.be,be,13,1,238162,836459
14,11,pinterest.com,com,228847,977174,pinterest.com,com,14,11,228873,977204
15,12,vimeo.com,com,224422,865158,vimeo.com,com,15,12,224379,866374
16,13,play.google.com,com,221052,668454,play.google.com,com,16,13,221249,668905
17,14,adobe.com,com,217816,650257,adobe.com,com,17,14,218145,651512
18,15,maps.google.com,com,212052,763350,maps.google.com,com,18,15,212065,763586
19,16,itunes.apple.com,com,211205,605760,itunes.apple.com,com,19,16,211433,607220
20,1,goo.gl,gl,209555,714095,goo.gl,gl,20,1,209634,714668
21,17,wordpress.com,com,205471,715018,wordpress.com,com,21,17,205573,716274
22,1,bit.ly,ly,196042,625759,bit.ly,ly,22,1,196268,626703
23,18,blogspot.com,com,192878,659027,blogspot.com,com,23,18,192954,659954
24,19,github.com,com,192740,540029,github.com,com,24,19,192635,539108
25,3,wordpress.org,org,189599,773145,wordpress.org,org,25,3,189495,773041
26,20,player.vimeo.com,com,187682,682965,player.vimeo.com,com,26,20,187787,683966
27,21,amazon.com,com,184913,592380,amazon.com,com,27,21,184912,591975
28,22,docs.google.com,com,184180,565854,docs.google.com,com,28,22,184258,566484
29,23,yahoo.com,com,170711,482383,yahoo.com,com,29,23,170595,481728
30,4,mozilla.org,org,161735,472155,mozilla.org,org,30,4,164104,478961
31,24,tumblr.com,com,160535,557289,tumblr.com,com,31,24,160721,557945
32,25,drive.google.com,com,150961,437810,drive.google.com,com,32,25,150939,437636
33,26,flickr.com,com,147028,446099,flickr.com,com,33,26,147164,446841
34,27,go.microsoft.com,com,144899,456426,go.microsoft.com,com,34,27,145647,457778
35,28,support.google.com,com,142975,473961,support.google.com,com,35,28,143107,474858
36,29,gravatar.com,com,139859,464659,gravatar.com,com,36,29,139694,464026
37,1,europa.eu,eu,137571,447448,europa.eu,eu,37,1,137840,449002
38,30,qq.com,com,132672,1114519,qq.com,com,38,30,132521,1113513
39,31,reddit.com,com,132324,428535,reddit.com,com,39,31,132389,428721
40,32,nytimes.com,com,132009,373488,nytimes.com,com,40,32,132113,374253
41,5,apache.org,org,131960,277501,apache.org,org,41,5,132020,277042
42,6,w3.org,org,128811,293399,w3.org,org,42,6,128926,293493
43,33,soundcloud.com,com,125373,387483,soundcloud.com,com,43,33,125581,388020
44,34,sites.google.com,com,125185,315560,sites.google.com,com,44,34,125337,316016
45,35,apps.apple.com,com,125064,285584,apps.apple.com,com,45,35,124999,284884
46,36,amazonaws.com,com,124812,296056,amazonaws.com,com,46,36,124985,296319
47,1,nih.gov,gov,124369,333430,nih.gov,gov,47,1,124561,333770
48,37,whatsapp.com,com,122217,427299,whatsapp.com,com,48,37,122022,426433
49,1,t.co,co,120489,355485,t.co,co,49,1,120670,355972
50,38,support.microsoft.com,com,120407,296731,support.microsoft.com,com,50,38,120533,297355
51,39,macromedia.com,com,119931,293747,macromedia.com,com,51,39,120051,294113
52,1,sourceforge.net,net,118486,257628,sourceforge.net,net,52,1,118560,257619
53,40,forbes.com,com,117863,309468,forbes.com,com,53,40,118081,310128
54,41,get.adobe.com,com,117725,273894,get.adobe.com,com,54,41,116638,268479
55,1,github.io,io,113655,259253,github.io,io,56,1,112842,256842
56,42,theguardian.com,com,112744,304524,theguardian.com,com,55,42,112959,305578
57,43,medium.com,com,112429,288303,medium.com,com,57,43,112308,288170
58,44,cnn.com,com,111285,289271,cnn.com,com,58,44,111469,289706
59,45,virginmedia.com,com,110745,255892,virginmedia.com,com,59,45,110240,253784
60,46,dropbox.com,com,108984,274901,dropbox.com,com,60,46,109265,275507
61,2,www.ncbi.nlm.nih.gov,gov,108629,280897,www.ncbi.nlm.nih.gov,gov,61,2,108823,281185
62,2,ec.europa.eu,eu,107480,332033,ec.europa.eu,eu,62,2,107702,333072
63,1,bbc.co.uk,uk,107447,280788,bbc.co.uk,uk,63,1,107680,281730
64,7,creativecommons.org,org,107381,260205,creativecommons.org,org,64,7,107556,260680
65,8,archive.org,org,107189,276142,archive.org,org,65,8,107294,276510
66,47,support.apple.com,com,106532,299434,support.apple.com,com,66,47,106524,299353
67,1,who.int,int,103430,241121,who.int,int,67,1,103684,241649
68,48,api.whatsapp.com,com,103173,353397,api.whatsapp.com,com,68,48,103024,352458
69,49,vk.com,com,102042,364908,vk.com,com,70,50,102055,364960
70,50,weebly.com,com,102032,258839,weebly.com,com,69,49,102285,259534
71,51,issuu.com,com,100972,253175,issuu.com,com,71,51,101253,253859
72,52,wixsite.com,com,100358,250541,wixsite.com,com,72,52,100647,251233
73,9,httpd.apache.org,org,99771,201712,httpd.apache.org,org,73,9,99723,201106
74,53,paypal.com,com,98752,276592,paypal.com,com,74,53,98942,277072
75,2,php.net,net,98669,208054,php.net,net,75,2,98672,207999
76,54,l.facebook.com,com,97675,269135,l.facebook.com,com,77,55,97797,269507
77,55,cloudflare.com,com,97169,341885,cloudflare.com,com,80,58,96814,340326
78,56,accounts.google.com,com,96854,225026,accounts.google.com,com,76,54,98219,232335
79,57,m.facebook.com,com,96789,276897,m.facebook.com,com,79,57,96915,277210
80,58,weibo.com,com,96518,426804,weibo.com,com,81,59,96435,426728
81,59,godaddy.com,com,96143,226059,godaddy.com,com,78,56,97720,231072
82,60,tinyurl.com,com,95740,229300,tinyurl.com,com,82,60,95985,229918
83,61,code.google.com,com,95606,251802,code.google.com,com,83,61,95701,252218
84,62,oracle.com,com,94453,178699,oracle.com,com,85,62,93605,175365
85,3,cdc.gov,gov,94411,241987,cdc.gov,gov,84,3,94616,242246
86,63,msn.com,com,93359,216341,msn.com,com,88,65,93189,216254
87,64,bbc.com,com,93044,230032,bbc.com,com,87,64,93205,230437
88,65,policies.google.com,com,92972,296120,policies.google.com,com,89,66,92920,296047
89,66,reuters.com,com,92937,220908,reuters.com,com,86,63,93406,222839
90,67,washingtonpost.com,com,92703,234165,washingtonpost.com,com,90,67,92844,234634
91,68,spotify.com,com,92492,254874,spotify.com,com,91,68,92558,255098
92,69,youtube-nocookie.com,com,91351,237965,youtube-nocookie.com,com,92,69,91416,238350
93,10,gnu.org,org,91184,189725,gnu.org,org,95,10,90737,188680
94,70,wsj.com,com,91060,217398,wsj.com,com,93,70,91334,217857
95,71,imdb.com,com,91022,238143,imdb.com,com,94,71,91188,238950
96,72,bing.com,com,90056,210137,bing.com,com,96,72,90274,210279
97,73,bloomberg.com,com,89369,208849,bloomberg.com,com,97,73,89687,209670
98,74,opera.com,com,89331,227494,opera.com,com,98,74,89301,227605
99,1,harvard.edu,edu,88527,204360,harvard.edu,edu,99,1,88761,204640
100,75,wp.com,com,88507,283526,wp.com,com,100,75,88563,283681
101,1,zoom.us,us,88306,199507,zoom.us,us,102,1,88331,199468
102,1,forms.gle,gle,88267,198126,forms.gle,gle,103,1,88279,197925
103,11,wikimedia.org,org,88138,214801,wikimedia.org,org,101,11,88344,215309
104,3,slideshare.net,net,87947,194877,slideshare.net,net,104,3,88116,195213
105,12,web.archive.org,org,87868,210329,web.archive.org,org,105,12,87941,210455
106,76,wpa.qq.com,com,87776,645800,wpa.qq.com,com,106,76,87624,644469
107,2,mit.edu,edu,86854,182913,mit.edu,edu,107,2,87016,183098
108,77,developers.google.com,com,86235,242933,developers.google.com,com,108,77,86334,243374
109,78,wix.com,com,85372,197338,wix.com,com,109,78,85192,196999
110,79,sciencedirect.com,com,84988,188395,sciencedirect.com,com,110,79,85114,188638
111,80,live.com,com,84278,180887,live.com,com,115,83,82622,175112
112,81,ibm.com,com,84104,158945,ibm.com,com,111,80,84250,159294
113,3,stanford.edu,edu,83382,175407,stanford.edu,edu,112,3,83551,175456
114,82,businessinsider.com,com,83189,199578,businessinsider.com,com,113,81,83465,200104
115,83,w.soundcloud.com,com,83070,230899,w.soundcloud.com,com,114,82,83260,231098
116,2,telegraph.co.uk,uk,81638,199312,telegraph.co.uk,uk,116,2,81832,200018
117,13,nginx.org,org,81013,157667,nginx.org,org,119,13,80740,157111
118,4,cpanel.net,net,81009,317313,cpanel.net,net,118,4,81046,317187
119,84,go.com,com,80890,195974,go.com,com,117,84,81173,196631
120,14,validator.w3.org,org,80539,171798,validator.w3.org,org,120,14,80615,171901
121,85,open.spotify.com,com,80378,214875,open.spotify.com,com,122,86,80426,214929
122,86,wiley.com,com,80354,173025,wiley.com,com,121,85,80517,173239
123,87,list-manage.com,com,80184,197427,list-manage.com,com,123,87,80309,198020
124,88,huffingtonpost.com,com,79170,199927,huffingtonpost.com,com,124,88,79304,200458
125,89,bitly.com,com,78449,168610,bitly.com,com,125,89,78580,168628
126,90,nature.com,com,78302,167455,nature.com,com,126,90,78471,167786
127,4,nasa.gov,gov,78125,166500,nasa.gov,gov,128,4,78316,166792
128,3,dailymail.co.uk,uk,78093,194450,dailymail.co.uk,uk,127,3,78368,194997
129,91,usatoday.com,com,77985,187275,usatoday.com,com,129,91,78149,187739
130,92,myspace.com,com,77925,191000,myspace.com,com,130,92,78051,191388
131,93,cpanel.com,com,77216,293340,cpanel.com,com,133,95,77236,293258
132,94,cnet.com,com,76998,167672,cnet.com,com,132,94,77255,168041
133,95,time.com,com,76950,181527,time.com,com,131,93,77258,182240
134,96,eventbrite.com,com,76703,184766,eventbrite.com,com,134,96,76924,185295
135,15,un.org,org,76674,159086,un.org,org,135,15,76861,159270
136,97,fpdownload.macromedia.com,com,76480,163647,fpdownload.macromedia.com,com,136,97,76541,163826
137,98,bp.blogspot.com,com,76068,202027,bp.blogspot.com,com,137,98,76075,202160
138,1,sina.com.cn,cn,75718,286687,sina.com.cn,cn,138,1,75642,286805
139,99,surveymonkey.com,com,75357,153954,surveymonkey.com,com,139,99,75591,154670
140,100,mysql.com,com,75247,142071,mysql.com,com,140,100,75257,141941
141,101,nginx.com,com,75087,143231,nginx.com,com,142,102,74874,142759
142,102,ebay.com,com,74847,177566,ebay.com,com,141,101,75008,177878
143,103,mp.weixin.qq.com,com,74180,279616,mp.weixin.qq.com,com,145,105,74073,279353
144,16,doi.org,org,74068,149184,doi.org,org,146,16,74062,149342
145,104,ted.com,com,74003,167715,ted.com,com,144,104,74316,168202
146,105,wired.com,com,72900,162722,wired.com,com,147,106,73140,163267
147,106,office.com,com,72355,136742,office.com,com,148,107,72564,137185
148,107,aol.com,com,72203,148453,aol.com,com,149,108,72471,149157
149,108,blogger.com,com,71981,181416,blogger.com,com,153,110,71724,180602
150,17,npr.org,org,71859,175877,npr.org,org,150,17,72088,176296
151,109,hp.com,com,71857,132846,hp.com,com,151,109,71953,133053
152,18,debian.org,org,71785,135944,debian.org,org,152,18,71758,135522
153,110,cnbc.com,com,71185,161678,cnbc.com,com,154,111,71296,161929
154,111,hugedomains.com,com,71154,140820,hugedomains.com,com,143,103,74559,149752
155,4,www.gov.uk,uk,70953,166464,www.gov.uk,uk,156,4,70978,166949
156,112,springer.com,com,70779,144055,springer.com,com,157,113,70881,144396
157,113,imgur.com,com,70529,167227,imgur.com,com,158,114,70399,167245
158,114,onlinelibrary.wiley.com,com,70131,146754,onlinelibrary.wiley.com,com,159,115,70273,146932
159,115,youku.com,com,70010,248704,youku.com,com,160,116,70020,248530
160,116,i0.wp.com,com,69560,221283,i0.wp.com,com,162,117,69618,221340
161,5,independent.co.uk,uk,69411,163268,independent.co.uk,uk,161,5,69651,163896
162,117,xinhuanet.com,com,68952,219393,xinhuanet.com,com,163,118,68889,219735
163,118,i1.wp.com,com,68798,217492,i1.wp.com,com,164,119,68889,217622
164,5,researchgate.net,net,68566,146047,researchgate.net,net,165,5,68694,146163
165,119,i2.wp.com,com,68522,216976,i2.wp.com,com,166,120,68615,217092
166,120,techcrunch.com,com,68393,148352,techcrunch.com,com,167,121,68546,148592
167,2,beian.gov.cn,cn,68106,320613,beian.gov.cn,cn,169,2,67972,320564
168,121,chrome.google.com,com,67982,139292,chrome.google.com,com,168,122,68046,139287
169,6,cloudfront.net,net,67555,138527,cloudfront.net,net,171,6,67450,138354
170,122,googleusercontent.com,com,67494,156725,googleusercontent.com,com,170,123,67662,157049
171,1,gc.ca,ca,67235,141479,gc.ca,ca,172,1,67338,141527
172,4,berkeley.edu,edu,67108,136360,berkeley.edu,edu,173,4,67258,136622
173,1,amzn.to,to,67019,202144,amzn.to,to,174,1,67099,202213
174,123,addtoany.com,com,66977,180293,addtoany.com,com,175,124,66975,180195
175,1,wa.me,me,66826,192685,wa.me,me,177,1,66642,191841
176,19,commons.wikimedia.org,org,66468,149354,commons.wikimedia.org,org,176,19,66663,149759
177,124,mail.google.com,com,66462,142808,mail.google.com,com,155,112,70994,152318
178,125,dailymotion.com,com,66394,164496,dailymotion.com,com,178,125,66457,164886
179,126,yelp.com,com,66236,186573,yelp.com,com,179,126,66317,186038
180,127,latimes.com,com,66099,155142,latimes.com,com,180,127,66258,155366
181,128,taobao.com,com,66021,213529,taobao.com,com,181,128,66116,215138
182,129,etsy.com,com,65514,171019,etsy.com,com,182,129,65708,171226
183,130,163.com,com,65255,221270,163.com,com,184,131,65176,221416
184,20,ietf.org,org,65175,116581,ietf.org,org,185,20,65161,116468
185,7,themeforest.net,net,64964,175480,themeforest.net,net,186,7,64876,175082
186,131,s3.amazonaws.com,com,64946,135116,s3.amazonaws.com,com,183,130,65191,135382
187,1,free.fr,fr,64685,140568,free.fr,fr,187,1,64763,140947
188,2,t.me,me,64453,179761,t.me,me,191,2,64286,179059
189,5,loc.gov,gov,64443,124354,loc.gov,gov,188,5,64502,124545
190,8,behance.net,net,64331,156300,behance.net,net,189,8,64441,156477
191,6,amazon.co.uk,uk,64234,158113,amazon.co.uk,uk,190,6,64413,158527
192,132,nationalgeographic.com,com,63902,138420,nationalgeographic.com,com,192,132,64107,138775
193,133,digg.com,com,63791,151823,digg.com,com,193,133,63845,152007
194,134,statcounter.com,com,63649,163283,statcounter.com,com,194,134,63726,163446
195,135,ft.com,com,63348,132537,ft.com,com,195,135,63449,132748
196,136,jimdo.com,com,63275,157531,jimdo.com,com,196,136,63412,158071
197,5,washington.edu,edu,63273,116959,washington.edu,edu,197,5,63272,117037
198,137,link.springer.com,com,63011,123653,link.springer.com,com,198,137,62999,123869
199,138,about.com,com,62817,136479,about.com,com,199,138,62971,136936
200,6,cornell.edu,edu,62494,129916,cornell.edu,edu,200,6,62538,130130
201,21,sitemaps.org,org,62397,177077,sitemaps.org,org,201,21,62436,177207
202,139,akismet.com,com,62051,183752,akismet.com,com,202,139,62063,183863
203,140,1.bp.blogspot.com,com,61654,157396,1.bp.blogspot.com,com,204,141,61636,157373
204,141,theatlantic.com,com,61398,139791,theatlantic.com,com,203,140,61637,140239
205,142,scribd.com,com,61275,135359,scribd.com,com,205,142,61495,135714
206,1,arnebrachhold.de,de,61150,174429,arnebrachhold.de,de,206,1,61154,174557
207,7,google.co.uk,uk,60987,147639,google.co.uk,uk,207,7,60968,148008
208,143,v.qq.com,com,60831,236270,v.qq.com,com,209,144,60729,236003
209,144,theverge.com,com,60725,129460,theverge.com,com,208,143,60874,129576
210,145,skype.com,com,60614,133626,skype.com,com,210,145,60687,133790
211,9,launchpad.net,net,60542,104671,launchpad.net,net,212,9,60522,104650
212,146,sohu.com,com,60527,195152,sohu.com,com,213,147,60498,195341
213,147,kickstarter.com,com,60468,136303,kickstarter.com,com,211,146,60675,136796
214,148,mailchimp.com,com,60339,143674,mailchimp.com,com,214,148,60406,143911
215,149,livejournal.com,com,60163,141794,livejournal.com,com,215,149,60253,141866
216,150,stumbleupon.com,com,59897,150260,stumbleupon.com,com,217,151,59890,150272
217,151,cbsnews.com,com,59850,134963,cbsnews.com,com,216,150,60059,135388
218,152,tripadvisor.com,com,59522,142135,tripadvisor.com,com,218,152,59575,142159
219,153,samsung.com,com,59037,115531,samsung.com,com,220,154,59058,115623
220,154,addthis.com,com,59034,122424,addthis.com,com,219,153,59209,122685
221,7,princeton.edu,edu,58831,107752,princeton.edu,edu,221,7,58866,107805
222,2,google.de,de,58719,202573,google.de,de,222,2,58762,203231
223,6,ca.gov,gov,58521,134524,ca.gov,gov,223,6,58623,134545
224,155,typepad.com,com,58414,132404,typepad.com,com,224,155,58589,132724
225,156,fb.com,com,58132,130098,fb.com,com,225,156,58319,130310
226,157,prnewswire.com,com,57945,120360,prnewswire.com,com,226,157,57974,120470
227,158,2.bp.blogspot.com,com,57741,142543,2.bp.blogspot.com,com,227,158,57761,142668
228,159,4.bp.blogspot.com,com,57670,142372,4.bp.blogspot.com,com,228,159,57672,142514
229,160,3.bp.blogspot.com,com,57598,142002,3.bp.blogspot.com,com,229,160,57564,142060
230,161,unsplash.com,com,57408,138096,unsplash.com,com,230,161,57458,138077
231,162,goodreads.com,com,57304,132964,goodreads.com,com,231,162,57423,133071
232,163,stackoverflow.com,com,56872,106279,stackoverflow.com,com,234,165,56936,106229
233,164,squarespace.com,com,56824,125305,squarespace.com,com,232,163,57008,125579
234,7,fda.gov,gov,56784,117915,fda.gov,gov,236,7,56773,117925
235,165,feedburner.com,com,56783,135945,feedburner.com,com,233,164,56978,136121
236,166,marriott.com,com,56625,114244,marriott.com,com,235,166,56808,114524
237,167,foxnews.com,com,56527,126748,foxnews.com,com,237,167,56687,127130
238,168,outlook.com,com,56513,109707,outlook.com,com,239,169,56538,109854
239,169,economist.com,com,56447,112566,economist.com,com,238,168,56606,112883
240,22,fr.wikipedia.org,org,56370,129943,fr.wikipedia.org,org,240,22,56475,130406
241,23,sciencemag.org,org,56293,110344,sciencemag.org,org,241,23,56373,110470
242,170,youronlinechoices.com,com,56284,168455,youronlinechoices.com,com,242,170,56352,168908
243,171,webmd.com,com,56130,137717,webmd.com,com,244,171,56230,137693
244,24,change.org,org,56017,127804,change.org,org,243,24,56260,128125
245,172,plesk.com,com,55945,175300,plesk.com,com,245,172,55944,175365
246,173,webs.com,com,55695,116737,webs.com,com,246,173,55867,117026
247,1,mailchi.mp,mp,55403,120321,mailchi.mp,mp,247,1,55530,120571
248,174,mashable.com,com,55172,117678,mashable.com,com,248,174,55352,117959
249,175,eepurl.com,com,54953,130647,eepurl.com,com,249,175,55086,130909
250,176,huffpost.com,com,54861,125533,huffpost.com,com,276,190,52832,120795
251,1,aboutads.info,info,54809,157619,aboutads.info,info,251,1,54825,157880
252,177,tandfonline.com,com,54657,106470,tandfonline.com,com,250,176,54838,106699
253,8,whitehouse.gov,gov,54581,111346,whitehouse.gov,gov,252,8,54657,111487
254,178,shopify.com,com,54531,117927,shopify.com,com,254,177,54465,117560
255,8,news.bbc.co.uk,uk,54460,113461,news.bbc.co.uk,uk,253,8,54565,113820
256,179,booking.com,com,54270,124446,booking.com,com,255,178,54310,124556
257,25,pbs.org,org,54069,119090,pbs.org,org,256,25,54259,119269
258,180,deviantart.com,com,54053,118456,deviantart.com,com,259,180,54187,118724
259,181,translate.google.com,com,54022,106213,translate.google.com,com,261,181,54130,106478
260,182,buzzfeed.com,com,54010,121323,buzzfeed.com,com,257,179,54218,121616
261,26,unesco.org,org,53990,104708,unesco.org,org,258,26,54199,104913
262,9,usda.gov,gov,53842,114519,usda.gov,gov,260,9,54156,115122
263,183,bandcamp.com,com,53811,129536,bandcamp.com,com,262,182,53954,129883
264,1,twitch.tv,tv,53669,119080,twitch.tv,tv,263,1,53779,119190
265,184,nbcnews.com,com,53650,119250,nbcnews.com,com,274,189,52874,117425
266,185,geocities.com,com,53555,104122,geocities.com,com,264,183,53676,104356
267,186,feeds.feedburner.com,com,53377,126721,feeds.feedburner.com,com,265,184,53588,126910
268,187,tripod.com,com,53314,106952,tripod.com,com,266,185,53431,107139
269,8,columbia.edu,edu,53259,101622,columbia.edu,edu,267,8,53364,101788
270,27,de.wikipedia.org,org,53205,151568,de.wikipedia.org,org,268,27,53344,152092
271,9,umich.edu,edu,53109,101301,umich.edu,edu,269,9,53140,101442
272,188,sun.com,com,52989,84070,sun.com,com,271,187,53000,84143
273,28,allaboutcookies.org,org,52867,125393,allaboutcookies.org,org,275,28,52865,125403
274,189,usnews.com,com,52861,115675,usnews.com,com,270,186,53072,115729
275,190,oup.com,com,52816,103597,oup.com,com,272,188,52937,103788
276,9,guardian.co.uk,uk,52644,107867,guardian.co.uk,uk,273,9,52885,108334
277,29,dx.doi.org,org,52375,94422,dx.doi.org,org,278,29,52458,94511
278,191,zdnet.com,com,52257,98365,zdnet.com,com,277,191,52468,98712
279,10,epa.gov,gov,52220,109570,epa.gov,gov,280,10,52267,109657
280,192,disqus.com,com,52199,111090,disqus.com,com,281,193,52248,111003
281,10,talktalk.co.uk,uk,52134,89795,talktalk.co.uk,uk,282,10,52227,89897
282,193,vice.com,com,52127,115622,vice.com,com,279,192,52304,115868
283,10,yale.edu,edu,52085,99702,yale.edu,edu,283,10,52197,99893
284,30,networkadvertising.org,org,52050,131971,networkadvertising.org,org,285,30,52169,132083
285,194,sagepub.com,com,51902,102228,sagepub.com,com,287,196,51974,102305
286,195,marketwatch.com,com,51880,107492,marketwatch.com,com,284,194,52193,107925
287,196,quora.com,com,51860,110797,quora.com,com,286,195,51984,110906
288,197,intel.com,com,51858,89181,intel.com,com,288,197,51908,89274
289,198,cisco.com,com,51630,86866,cisco.com,com,289,198,51796,87027
290,31,hbr.org,org,51534,103984,hbr.org,org,290,31,51682,104093
291,199,alibaba.com,com,51501,105558,alibaba.com,com,295,201,51483,105490
292,32,jigsaw.w3.org,org,51501,102427,jigsaw.w3.org,org,292,32,51568,102492
293,200,redhat.com,com,51469,83021,redhat.com,com,293,199,51536,83037
294,11,noaa.gov,gov,51461,101671,noaa.gov,gov,291,11,51576,101910
295,201,sciencedaily.com,com,51426,107411,sciencedaily.com,com,294,200,51529,107523
296,11,psu.edu,edu,51359,98100,psu.edu,edu,296,11,51428,98225
297,202,statista.com,com,51300,107469,statista.com,com,297,202,51364,107665
298,1,vkontakte.ru,ru,51133,119708,vkontakte.ru,ru,299,1,51182,119607
299,203,finance.yahoo.com,com,51128,103863,finance.yahoo.com,com,298,203,51294,104140
300,204,giphy.com,com,50947,110643,giphy.com,com,300,204,51096,110830
301,33,iso.org,org,50943,83446,iso.org,org,301,33,50953,83531
302,205,myshopify.com,com,50788,111092,myshopify.com,com,307,209,50778,110882
303,206,pixabay.com,com,50754,120174,pixabay.com,com,302,205,50901,120227
304,12,upenn.edu,edu,50741,95853,upenn.edu,edu,303,12,50860,96077
305,207,engadget.com,com,50696,102771,engadget.com,com,304,206,50822,102891
306,12,state.gov,gov,50673,100622,state.gov,gov,308,12,50726,100719
307,208,gofundme.com,com,50641,115593,gofundme.com,com,305,207,50794,115892
308,209,vox.com,com,50472,106998,vox.com,com,306,208,50790,107375
309,210,wikihow.com,com,50431,108680,wikihow.com,com,309,210,50656,108913
310,34,upload.wikimedia.org,org,50405,105531,upload.wikimedia.org,org,310,34,50625,105806
311,211,businesswire.com,com,50338,98744,businesswire.com,com,311,211,50468,98949
312,212,photobucket.com,com,50166,106764,photobucket.com,com,312,212,50300,107113
313,2,cbc.ca,ca,50065,110351,cbc.ca,ca,314,2,50101,110344
314,213,books.google.com,com,49998,105117,books.google.com,com,313,213,50126,105315
315,1,abc.net.au,au,49802,105547,abc.net.au,au,315,1,49960,105684
316,214,android.com,com,49749,90735,android.com,com,316,214,49878,90945
317,215,wpengine.com,com,49522,111832,wpengine.com,com,317,215,49585,111790
318,216,example.com,com,49375,90933,example.com,com,319,217,49467,90999
319,217,fastcompany.com,com,49339,100811,fastcompany.com,com,318,216,49495,100981
320,218,hubspot.com,com,49295,100516,hubspot.com,com,320,218,49461,100451
321,219,newyorker.com,com,49276,104826,newyorker.com,com,321,219,49398,105078
322,35,worldbank.org,org,49258,90500,worldbank.org,org,322,35,49346,90541
323,1,or.kr,kr,49230,97298,or.kr,kr,323,1,49248,97224
324,220,groups.google.com,com,49072,87571,groups.google.com,com,324,220,49169,87668
325,221,fortune.com,com,48988,98674,fortune.com,com,325,221,49126,98926
326,222,picasaweb.google.com,com,48954,98088,picasaweb.google.com,com,326,222,49047,98295
327,2,yandex.ru,ru,48912,154129,yandex.ru,ru,329,2,48912,154023
328,223,indiatimes.com,com,48835,103204,indiatimes.com,com,327,223,48960,103261
329,224,netflix.com,com,48810,108358,netflix.com,com,330,224,48878,108550
330,11,ox.ac.uk,uk,48729,89423,ox.ac.uk,uk,328,11,48930,89690
331,225,dev.mysql.com,com,48663,85572,dev.mysql.com,com,332,226,48613,85418
332,226,meetup.com,com,48488,99488,meetup.com,com,331,225,48748,99878
333,227,oreilly.com,com,48303,83194,oreilly.com,com,334,228,48429,83374
334,228,gizmodo.com,com,48253,100726,gizmodo.com,com,333,227,48493,101019
335,36,cambridge.org,org,48242,90383,cambridge.org,org,335,36,48259,90448
336,13,academia.edu,edu,48134,95011,academia.edu,edu,337,13,48100,95008
337,37,plos.org,org,47984,91199,plos.org,org,338,37,48090,91391
338,229,psychologytoday.com,com,47965,109657,psychologytoday.com,com,336,229,48105,109891
339,230,arcgis.com,com,47919,90235,arcgis.com,com,339,230,47978,90348
340,231,constantcontact.com,com,47673,108179,constantcontact.com,com,340,231,47919,108586
341,232,wikia.com,com,47553,98351,wikia.com,com,341,232,47718,98714
342,14,uci.edu,edu,47549,79448,uci.edu,edu,342,14,47566,79449
343,15,umn.edu,edu,47260,88700,umn.edu,edu,343,15,47334,88837
344,16,wisc.edu,edu,47240,85944,wisc.edu,edu,344,16,47318,86145
345,233,inc.com,com,47120,97322,inc.com,com,345,233,47254,97452
346,3,line.me,me,47056,135131,line.me,me,346,3,47022,134767
347,1,business.site,site,46843,96171,business.site,site,348,1,46838,96291
348,234,scientificamerican.com,com,46796,95528,scientificamerican.com,com,347,234,46884,95732
349,1,roncalliweb.edu.it,it,46753,84281,roncalliweb.edu.it,it,349,1,46798,84311
350,235,dribbble.com,com,46654,105950,dribbble.com,com,350,235,46748,105963
351,236,afternic.com,com,46652,95453,afternic.com,com,353,236,46673,95357
352,38,mayoclinic.org,org,46612,108015,mayoclinic.org,org,352,38,46715,107878
353,2,gouv.fr,fr,46601,101935,gouv.fr,fr,351,2,46730,102473
354,237,elegantthemes.com,com,46413,121917,elegantthemes.com,com,354,237,46369,121864
355,238,web.whatsapp.com,com,46275,126622,web.whatsapp.com,com,358,240,46150,126188
356,239,britannica.com,com,46239,95327,britannica.com,com,357,239,46201,95433
357,240,us.com,com,46176,93137,us.com,com,356,238,46252,93136
358,39,ieee.org,org,46174,77634,ieee.org,org,355,39,46299,77743
359,241,web.facebook.com,com,46086,114260,web.facebook.com,com,360,242,46101,114213
360,242,player.youku.com,com,46059,144029,player.youku.com,com,361,243,46055,143701
361,243,nypost.com,com,46004,99516,nypost.com,com,359,241,46102,99603
362,244,zendesk.com,com,45868,86122,zendesk.com,com,363,245,45929,86161
363,245,talk.plesk.com,com,45732,133931,talk.plesk.com,com,365,247,45724,133896
364,246,uk.com,com,45718,94913,uk.com,com,362,244,46027,95619
365,17,ucla.edu,edu,45599,84425,ucla.edu,edu,366,17,45631,84541
366,247,entrepreneur.com,com,45560,94684,entrepreneur.com,com,364,246,45791,95070
367,248,i.imgur.com,com,45372,95227,i.imgur.com,com,367,248,45517,95550
368,12,cam.ac.uk,uk,45161,79028,cam.ac.uk,uk,368,12,45271,79325
369,3,amazon.de,de,45080,124876,amazon.de,de,369,3,45155,125274
370,249,dell.com,com,44984,77593,dell.com,com,372,250,45026,77572
371,18,jhu.edu,edu,44969,83206,jhu.edu,edu,370,18,45075,83291
372,250,bmj.com,com,44828,87172,bmj.com,com,371,249,45040,87411
373,3,miit.gov.cn,cn,44806,125083,miit.gov.cn,cn,380,3,44533,124153
374,251,chicagotribune.com,com,44804,95578,chicagotribune.com,com,373,251,44972,95824
375,252,investopedia.com,com,44793,95274,investopedia.com,com,374,252,44880,95321
376,4,fb.me,me,44766,87717,fb.me,me,376,4,44810,87783
377,253,theconversation.com,com,44642,90348,theconversation.com,com,375,253,44854,90456
378,19,utexas.edu,edu,44623,80406,utexas.edu,edu,377,19,44744,80637
379,254,deloitte.com,com,44584,77552,deloitte.com,com,379,254,44670,77660
380,20,cmu.edu,edu,44507,76629,cmu.edu,edu,378,20,44679,76918
381,21,uiuc.edu,edu,44456,72030,uiuc.edu,edu,381,21,44481,72109
382,40,aboutcookies.org,org,44381,104879,aboutcookies.org,org,382,40,44443,104939
383,41,oecd.org,org,44259,77086,oecd.org,org,383,41,44383,77383
384,10,doubleclick.net,net,44218,77559,doubleclick.net,net,384,10,44338,77651
385,255,indiegogo.com,com,43894,89202,indiegogo.com,com,385,255,44041,89335
386,42,weforum.org,org,43823,80805,weforum.org,org,386,42,43968,80902
387,43,es.wikipedia.org,org,43739,108718,es.wikipedia.org,org,387,43,43837,108794
388,256,elsevier.com,com,43688,74759,elsevier.com,com,390,258,43708,74747
389,257,slate.com,com,43669,92537,slate.com,com,388,256,43806,92733
390,258,news.yahoo.com,com,43665,89756,news.yahoo.com,com,399,263,43077,87503
391,4,chinadaily.com.cn,cn,43599,90248,chinadaily.com.cn,cn,392,4,43594,90379
392,22,uchicago.edu,edu,43584,78962,uchicago.edu,edu,391,22,43698,79143
393,259,gotowebinar.com,com,43534,71825,gotowebinar.com,com,389,257,43801,72177
394,44,arxiv.org,org,43343,74814,arxiv.org,org,395,44,43379,74861
395,260,qz.com,com,43296,86850,qz.com,com,393,259,43499,87158
396,13,nps.gov,gov,43286,94631,nps.gov,gov,394,13,43379,94764
397,261,newsweek.com,com,43187,88582,newsweek.com,com,396,260,43362,88808
398,262,parallels.com,com,43107,103581,parallels.com,com,397,261,43221,103781
399,263,arstechnica.com,com,43011,82164,arstechnica.com,com,398,262,43169,82320
400,3,google.ca,ca,42998,94295,google.ca,ca,400,3,43057,94184
401,264,biomedcentral.com,com,42761,77672,biomedcentral.com,com,401,264,42836,77693
402,265,appspot.com,com,42699,79334,appspot.com,com,403,266,42634,79183
403,266,netscape.com,com,42683,68996,netscape.com,com,402,265,42700,68986
404,1,g.page,page,42672,93379,g.page,page,404,1,42570,93001
405,267,bitnami.com,com,42512,60123,bitnami.com,com,409,270,42441,59977
406,14,ftc.gov,gov,42420,85031,ftc.gov,gov,406,14,42464,85070
407,268,steampowered.com,com,42370,86027,steampowered.com,com,407,268,42463,86201
408,269,bizjournals.com,com,42303,87019,bizjournals.com,com,408,269,42454,87085
409,270,aliexpress.com,com,42190,85115,aliexpress.com,com,405,267,42527,85765
410,13,blogspot.co.uk,uk,42165,93295,blogspot.co.uk,uk,411,13,42320,93650
411,271,jd.com,com,42151,98050,jd.com,com,416,273,42032,98059
412,15,ed.gov,gov,42083,79542,ed.gov,gov,415,15,42073,79438
413,23,si.edu,edu,42078,80340,si.edu,edu,412,23,42241,80541
414,45,apa.org,org,42039,82666,apa.org,org,414,45,42106,82788
415,272,ubuntu.com,com,42008,69974,ubuntu.com,com,410,271,42420,70851
416,273,sfgate.com,com,42006,91096,sfgate.com,com,413,272,42157,91315
417,4,qc.ca,ca,41943,80296,qc.ca,ca,418,4,41998,80415
418,274,howstuffworks.com,com,41942,84173,howstuffworks.com,com,417,274,42027,84350
419,275,widgets.wp.com,com,41911,106173,widgets.wp.com,com,420,275,41920,106189
420,276,typeform.com,com,41894,80055,typeform.com,com,421,276,41858,80101
421,16,irs.gov,gov,41856,89068,irs.gov,gov,419,16,41965,89077
422,277,so.com,com,41739,127500,so.com,com,426,280,41621,127299
423,46,altervista.org,org,41707,83762,altervista.org,org,423,46,41749,83862
424,278,podcasts.apple.com,com,41694,89070,podcasts.apple.com,com,424,278,41685,89035
425,279,dw.com,com,41638,85969,dw.com,com,422,277,41855,86123
426,1,kiev.ua,ua,41624,86486,kiev.ua,ua,427,1,41604,86472
427,280,hilton.com,com,41537,78412,hilton.com,com,425,279,41683,78637
428,47,bbb.org,org,41523,100024,bbb.org,org,428,47,41571,100026
429,281,zend.com,com,41387,73854,zend.com,com,430,281,41363,73756
430,282,healthline.com,com,41338,97620,healthline.com,com,431,282,41357,97537
431,2,icio.us,us,41257,83054,icio.us,us,429,2,41393,83424
432,283,ikea.com,com,41244,83902,ikea.com,com,432,283,41337,84066
433,284,getpocket.com,com,41192,97773,getpocket.com,com,434,285,41254,97753
434,285,box.com,com,41190,75493,box.com,com,435,286,41235,75610
435,5,www.gov.cn,cn,41168,150335,www.gov.cn,cn,439,5,41101,150490
436,24,purdue.edu,edu,41082,71381,purdue.edu,edu,436,24,41174,71518
437,286,cbslocal.com,com,41061,89286,cbslocal.com,com,433,284,41257,89459
438,48,python.org,org,41012,66347,python.org,org,441,48,41074,66339
439,17,house.gov,gov,41002,83544,house.gov,gov,437,17,41154,83803
440,1,yahoo.co.jp,jp,40991,108047,yahoo.co.jp,jp,440,1,41082,108019
441,3,del.icio.us,us,40974,82319,del.icio.us,us,438,3,41106,82688
442,14,mirror.co.uk,uk,40889,85977,mirror.co.uk,uk,442,14,40944,86075
443,49,pnas.org,org,40864,75276,pnas.org,org,443,49,40920,75362
444,287,tmall.com,com,40825,104025,tmall.com,com,446,288,40739,104033
445,288,enable-javascript.com,com,40671,81983,enable-javascript.com,com,445,287,40844,82083
446,50,joomla.org,org,40594,81820,joomla.org,org,447,50,40685,81942
447,2,ow.ly,ly,40591,75681,ow.ly,ly,444,2,40868,76050
448,5,telegram.me,me,40576,108306,telegram.me,me,451,5,40434,107920
449,289,store.steampowered.com,com,40566,82173,store.steampowered.com,com,448,289,40675,82324
450,290,v.youku.com,com,40447,89586,v.youku.com,com,450,290,40464,89622
451,51,fao.org,org,40417,71769,fao.org,org,449,51,40554,71935
452,291,mobile.twitter.com,com,40221,81173,mobile.twitter.com,com,452,291,40352,81233
453,52,openstreetmap.org,org,40195,79649,openstreetmap.org,org,455,53,40265,79714
454,292,evernote.com,com,40159,80212,evernote.com,com,456,292,40241,80318
455,4,spiegel.de,de,40143,90996,spiegel.de,de,454,4,40270,91313
456,15,thesun.co.uk,uk,40132,84477,thesun.co.uk,uk,457,15,40239,84514
457,293,fandom.com,com,40108,83193,fandom.com,com,458,293,40236,83430
458,294,mediafire.com,com,40058,86393,mediafire.com,com,459,294,40129,86503
459,295,teamviewer.com,com,40007,71952,teamviewer.com,com,461,296,40024,72037
460,296,venturebeat.com,com,39966,75454,venturebeat.com,com,460,295,40080,75622
461,25,nyu.edu,edu,39840,72178,nyu.edu,edu,462,25,39938,72331
462,4,imageshack.us,us,39807,77697,imageshack.us,us,464,4,39895,77930
463,297,over-blog.com,com,39725,81596,over-blog.com,com,467,299,39782,81810
464,2,smh.com.au,au,39685,79666,smh.com.au,au,465,2,39854,79873
465,298,walmart.com,com,39654,83309,walmart.com,com,466,298,39783,83415
466,299,merriam-webster.com,com,39604,78319,merriam-webster.com,com,463,297,39900,78735
467,26,usc.edu,edu,39602,72152,usc.edu,edu,470,26,39666,72143
468,300,themeisle.com,com,39585,93406,themeisle.com,com,472,303,39600,93375
469,301,business.facebook.com,com,39557,74234,business.facebook.com,com,468,300,39768,74391
470,302,angelfire.com,com,39495,75207,angelfire.com,com,471,302,39619,75356
471,53,pewresearch.org,org,39487,78868,pewresearch.org,org,453,52,40327,80767
472,303,nydailynews.com,com,39480,83263,nydailynews.com,com,473,304,39567,83423
473,304,googleblog.com,com,39436,74918,googleblog.com,com,469,301,39677,75347
474,54,wiktionary.org,org,39427,76111,wiktionary.org,org,474,54,39462,76231
475,305,livescience.com,com,39339,80397,livescience.com,com,475,305,39349,80474
476,11,fbcdn.net,net,39283,78243,fbcdn.net,net,476,11,39343,78384
477,27,duke.edu,edu,39258,69791,duke.edu,edu,477,27,39292,69845
478,12,earthlink.net,net,39044,65851,earthlink.net,net,481,12,39067,65909
479,18,census.gov,gov,39029,75570,census.gov,gov,479,19,39087,75626
480,306,mckinsey.com,com,38972,68650,mckinsey.com,com,482,307,39038,68719
481,19,senate.gov,gov,38969,78203,senate.gov,gov,478,18,39111,78387
482,307,fc2.com,com,38957,94578,fc2.com,com,486,311,38949,94587
483,308,xing.com,com,38911,110614,xing.com,com,480,306,39083,111048
484,309,journals.sagepub.com,com,38899,72944,journals.sagepub.com,com,484,309,39009,72966
485,310,thelancet.com,com,38879,72708,thelancet.com,com,483,308,39030,72827
486,55,postgresql.org,org,38850,60806,postgresql.org,org,489,55,38814,60739
487,311,ning.com,com,38814,74439,ning.com,com,485,310,38970,74671
488,5,on.ca,ca,38749,74782,on.ca,ca,491,5,38732,74845
489,312,barnesandnoble.com,com,38733,86040,barnesandnoble.com,com,487,312,38865,86165
490,20,usgs.gov,gov,38658,70995,usgs.gov,gov,492,20,38684,71072
491,1,govt.nz,nz,38644,71364,govt.nz,nz,490,1,38763,71430
492,313,salesforce.com,com,38592,67745,salesforce.com,com,488,313,38862,68109
493,314,withgoogle.com,com,38447,68680,withgoogle.com,com,508,323,37933,67690
494,28,umd.edu,edu,38420,66492,umd.edu,edu,494,28,38442,66608
495,1,go.id,id,38396,78909,go.id,id,497,1,38317,78844
496,315,microsoftonline.com,com,38316,59204,microsoftonline.com,com,493,314,38605,59638
497,316,apnews.com,com,38299,77782,apnews.com,com,496,315,38330,77699
498,6,about.me,me,38270,74939,about.me,me,495,6,38346,75033
499,317,aliyun.com,com,38204,83704,aliyun.com,com,500,318,38230,83649
500,318,dropcatch.com,com,38195,70728,dropcatch.com,com,524,330,37393,68904
501,319,cctv.com,com,38181,114800,cctv.com,com,503,321,38159,114896
502,320,scholar.google.com,com,38169,65914,scholar.google.com,com,502,320,38163,65924
503,321,rt.com,com,38154,76708,rt.com,com,498,316,38258,76759
504,322,mozilla.com,com,38154,64538,mozilla.com,com,499,317,38253,64776
505,323,patreon.com,com,38101,84251,patreon.com,com,501,319,38228,84310
506,324,amazon-adsystem.com,com,38086,110275,amazon-adsystem.com,com,504,322,38042,110264
507,56,acs.org,org,38023,65914,acs.org,org,505,56,38039,65962
508,29,msu.edu,edu,37934,67639,msu.edu,edu,507,30,37976,67727
509,30,ufl.edu,edu,37923,67135,ufl.edu,edu,506,29,38021,67165
510,31,ucsd.edu,edu,37861,67156,ucsd.edu,edu,509,31,37920,67258
511,325,espn.com,com,37801,76706,espn.com,com,511,325,37859,76867
512,326,lifehacker.com,com,37800,75937,lifehacker.com,com,510,324,37913,76162
513,1,google.es,es,37792,92291,google.es,es,512,1,37827,92249
514,327,variety.com,com,37696,77950,variety.com,com,513,326,37803,78142
515,328,proofpoint.com,com,37679,64586,proofpoint.com,com,514,327,37699,64641
516,329,jamanetwork.com,com,37577,72577,jamanetwork.com,com,515,328,37645,72624
517,2,itu.int,int,37564,59614,itu.int,int,516,2,37598,59648
518,1,gob.mx,mx,37560,68809,gob.mx,mx,519,1,37482,68799
519,21,privacyshield.gov,gov,37522,117031,privacyshield.gov,gov,518,21,37494,117290
520,32,unc.edu,edu,37453,65512,unc.edu,edu,517,32,37505,65689
521,57,apachefriends.org,org,37433,67677,apachefriends.org,org,523,58,37394,67522
522,330,politico.com,com,37416,76731,politico.com,com,521,329,37443,76718
523,58,slashdot.org,org,37362,64553,slashdot.org,org,522,57,37443,64647
524,33,northwestern.edu,edu,37352,67244,northwestern.edu,edu,520,33,37450,67324
525,331,jquery.com,com,37281,65709,jquery.com,com,529,334,37266,65540
526,332,sharepoint.com,com,37272,59518,sharepoint.com,com,527,332,37352,59603
527,3,google.fr,fr,37259,81089,google.fr,fr,525,3,37376,81431
528,333,foursquare.com,com,37243,72210,foursquare.com,com,528,333,37332,72374
529,59,mitre.org,org,37195,57626,mitre.org,org,531,59,37177,57571
530,334,symantec.com,com,37180,59083,symantec.com,com,526,331,37372,59257
531,60,coursera.org,org,37098,64676,coursera.org,org,537,60,37071,64775
532,335,googleapis.com,com,37068,68733,googleapis.com,com,530,335,37185,68742
533,336,elpais.com,com,37049,81586,elpais.com,com,532,336,37173,81867
534,61,openssl.org,org,37033,54955,openssl.org,org,538,61,37060,54913
535,337,newscientist.com,com,37026,68218,newscientist.com,com,533,337,37134,68486
536,16,thetimes.co.uk,uk,37016,72645,thetimes.co.uk,uk,534,16,37132,72873
537,22,bls.gov,gov,37015,72293,bls.gov,gov,539,22,37036,72267
538,338,instructables.com,com,36975,72127,instructables.com,com,536,339,37073,72199
539,339,theglobeandmail.com,com,36919,74549,theglobeandmail.com,com,535,338,37094,74761
540,62,freebsd.org,org,36857,56960,freebsd.org,org,543,63,36864,56990
541,13,azurewebsites.net,net,36805,64398,azurewebsites.net,net,545,13,36790,64406
542,340,w3schools.com,com,36793,64506,w3schools.com,com,542,340,36886,64600
543,63,nejm.org,org,36781,67550,nejm.org,org,541,62,36889,67694
544,6,360.cn,cn,36746,93671,360.cn,cn,548,6,36706,93393
545,341,gartner.com,com,36721,61625,gartner.com,com,544,341,36842,61715
546,2,google.co.jp,jp,36669,116023,google.co.jp,jp,549,2,36685,115864
547,342,rollingstone.com,com,36633,76749,rollingstone.com,com,547,342,36727,76781
548,343,automattic.com,com,36608,94568,automattic.com,com,553,346,36579,94505
549,7,wp.me,me,36577,83003,wp.me,me,546,7,36750,83282
550,23,hhs.gov,gov,36566,71629,hhs.gov,gov,540,23,36909,72198
551,344,1688.com,com,36555,98512,1688.com,com,555,348,36502,98551
552,345,vmware.com,com,36546,57128,vmware.com,com,554,347,36572,57040
553,346,trustpilot.com,com,36543,79032,trustpilot.com,com,552,345,36608,78833
554,347,weather.com,com,36526,67377,weather.com,com,551,344,36637,67531
555,348,aljazeera.com,com,36516,72641,aljazeera.com,com,550,343,36671,72803
556,2,in.ua,ua,36468,76396,in.ua,ua,557,2,36462,76403
557,3,news.com.au,au,36455,71319,news.com.au,au,559,3,36393,71030
558,24,nist.gov,gov,36442,57800,nist.gov,gov,556,24,36487,57867
559,349,timeanddate.com,com,36313,65876,timeanddate.com,com,562,349,36383,66001
560,64,icann.org,org,36305,63349,icann.org,org,567,66,36253,63122
561,17,express.co.uk,uk,36292,74882,express.co.uk,uk,560,17,36392,75019
562,7,google.cn,cn,36281,72854,google.cn,cn,565,7,36284,72693
563,350,trello.com,com,36267,68468,trello.com,com,563,350,36360,68495
564,65,drupal.org,org,36258,61692,drupal.org,org,558,64,36403,61738
565,66,jstor.org,org,36256,64806,jstor.org,org,561,65,36386,64843
566,351,oauth.vk.com,com,36242,76575,oauth.vk.com,com,7782,4039,7033,12176
567,352,chinanews.com,com,36237,111539,chinanews.com,com,568,352,36192,111601
568,353,nvidia.com,com,36209,62724,nvidia.com,com,566,351,36272,62779
569,67,dmoz.org,org,36193,57979,dmoz.org,org,569,67,36188,57996
570,2,ustream.tv,tv,36153,66886,ustream.tv,tv,564,2,36342,67212
571,8,blog.sina.com.cn,cn,36134,80678,blog.sina.com.cn,cn,573,8,36073,80656
572,354,t.qq.com,com,36133,107127,t.qq.com,com,572,355,36083,107111
573,355,airbnb.com,com,36071,73638,airbnb.com,com,570,353,36148,73696
574,356,dedecms.com,com,36069,136819,dedecms.com,com,574,356,36028,136871
575,357,pcmag.com,com,35968,66780,pcmag.com,com,571,354,36104,67025
576,68,kernel.org,org,35954,56755,kernel.org,org,576,68,35957,56732
577,358,getbootstrap.com,com,35859,63932,getbootstrap.com,com,575,357,36014,64114
578,2,google.it,it,35788,81120,google.it,it,577,2,35803,81165
579,8,m.me,me,35759,79955,m.me,me,578,8,35790,79918
580,359,jiathis.com,com,35659,104564,jiathis.com,com,581,359,35629,103956
581,69,eff.org,org,35540,61719,eff.org,org,579,69,35680,61873
582,360,wufoo.com,com,35508,69674,wufoo.com,com,580,358,35633,69774
583,361,livestream.com,com,35399,63822,livestream.com,com,582,360,35550,64100
584,25,sec.gov,gov,35377,64006,sec.gov,gov,583,25,35494,64042
585,1,discord.gg,gg,35364,76025,discord.gg,gg,590,1,35306,75897
586,362,medicalnewstoday.com,com,35355,76242,medicalnewstoday.com,com,585,362,35414,76240
587,363,sky.com,com,35293,68050,sky.com,com,584,361,35417,68303
588,364,scmp.com,com,35273,66958,scmp.com,com,587,363,35350,67048
589,34,arizona.edu,edu,35272,61418,arizona.edu,edu,586,34,35399,61650
590,365,prezi.com,com,35266,61049,prezi.com,com,588,364,35325,61195
591,366,slack.com,com,35196,63048,slack.com,com,592,367,35232,63060
592,3,sakura.ne.jp,jp,35186,78165,sakura.ne.jp,jp,594,3,35209,78239
593,367,hollywoodreporter.com,com,35178,72466,hollywoodreporter.com,com,591,366,35304,72608
594,35,illinois.edu,edu,35146,60874,illinois.edu,edu,593,35,35217,60995
595,368,boston.com,com,35107,68592,boston.com,com,589,365,35311,68842
596,369,stackexchange.com,com,35048,62414,stackexchange.com,com,595,368,35135,62434
597,370,gitlab.com,com,35036,55885,gitlab.com,com,597,370,35095,55871
598,371,shutterstock.com,com,35032,73830,shutterstock.com,com,596,369,35122,73858
599,70,iana.org,org,34997,54563,iana.org,org,598,70,34991,54577
600,372,mixcloud.com,com,34924,71718,mixcloud.com,com,599,371,34969,71773
601,71,moodle.org,org,34897,55790,moodle.org,org,601,71,34931,55748
602,2,photos.app.goo.gl,gl,34874,64673,photos.app.goo.gl,gl,600,2,34948,64727
603,373,verisign.com,com,34797,52663,verisign.com,com,608,376,34609,52334
604,374,docker.com,com,34790,60300,docker.com,com,606,375,34752,59983
605,6,utoronto.ca,ca,34780,58912,utoronto.ca,ca,604,6,34871,59051
606,375,alexa.com,com,34747,63757,alexa.com,com,605,374,34831,63841
607,376,technologyreview.com,com,34726,61896,technologyreview.com,com,602,372,34908,62036
608,377,businessweek.com,com,34593,61317,businessweek.com,com,603,373,34878,61704
609,378,nike.com,com,34592,64732,nike.com,com,609,377,34551,64800
610,72,opensource.org,org,34573,58474,opensource.org,org,607,72,34723,58575
611,5,businessinsider.de,de,34434,68140,businessinsider.de,de,630,5,33795,66452
612,73,ru.wikipedia.org,org,34432,84021,ru.wikipedia.org,org,611,73,34454,84010
613,379,pexels.com,com,34366,73829,pexels.com,com,613,380,34381,73726
614,380,thehill.com,com,34350,69083,thehill.com,com,610,378,34458,69172
615,381,thedailybeast.com,com,34295,70118,thedailybeast.com,com,612,379,34414,70254
616,3,mail.ru,ru,34258,88998,mail.ru,ru,614,3,34291,89107
617,74,unicef.org,org,34248,60443,unicef.org,org,618,75,34237,60453
618,382,siemens.com,com,34142,55136,siemens.com,com,616,382,34269,55344
619,75,phys.org,org,34138,61358,phys.org,org,617,74,34251,61503
620,4,spb.ru,ru,34124,71346,spb.ru,ru,621,4,34107,71270
621,383,chron.com,com,34111,67847,chron.com,com,615,381,34275,67963
622,384,news.google.com,com,34097,65688,news.google.com,com,620,384,34176,65787
623,385,thenextweb.com,com,34052,62677,thenextweb.com,com,619,383,34236,62906
624,386,digitaltrends.com,com,33947,64822,digitaltrends.com,com,622,385,34071,64923
625,36,ucdavis.edu,edu,33894,59219,ucdavis.edu,edu,626,36,33920,59325
626,387,list-manage1.com,com,33842,61423,list-manage1.com,com,623,386,33957,61680
627,388,today.com,com,33782,68201,today.com,com,629,390,33864,68334
628,18,metro.co.uk,uk,33779,69382,metro.co.uk,uk,625,18,33922,69614
629,389,gallup.com,com,33766,64387,gallup.com,com,627,388,33870,64435
630,390,woocommerce.com,com,33744,75351,woocommerce.com,com,628,389,33865,75308
631,391,broadcom.com,com,33744,52073,broadcom.com,com,624,387,33932,52319
632,392,dictionary.com,com,33736,64693,dictionary.com,com,631,391,33772,64750
633,1,google.co.in,in,33732,71424,google.co.in,in,634,1,33681,71253
634,393,frontier.com,com,33690,52465,frontier.com,com,639,395,33465,52019
635,394,cdn.shopify.com,com,33685,66435,cdn.shopify.com,com,635,393,33587,66184
636,5,ok.ru,ru,33675,95124,ok.ru,ru,683,5,32654,90482
637,19,www.nhs.uk,uk,33646,73750,www.nhs.uk,uk,632,19,33745,74051
638,395,twimg.com,com,33638,66812,twimg.com,com,633,392,33706,66992
639,396,hexun.com,com,33522,85643,hexun.com,com,638,394,33483,85711
640,37,asu.edu,edu,33497,57806,asu.edu,edu,636,37,33515,57881
641,38,virginia.edu,edu,33428,57885,virginia.edu,edu,637,38,33511,58091
642,39,rutgers.edu,edu,33385,58319,rutgers.edu,edu,641,39,33451,58443
643,26,uspto.gov,gov,33357,57283,uspto.gov,gov,640,26,33454,57413
644,397,indeed.com,com,33343,61350,indeed.com,com,643,396,33368,61407
645,398,techtarget.com,com,33270,57577,techtarget.com,com,645,398,33326,57593
646,14,rs6.net,net,33264,67072,rs6.net,net,646,14,33323,67092
647,399,history.com,com,33264,66615,history.com,com,668,409,32938,65915
648,76,cve.mitre.org,org,33252,50682,cve.mitre.org,org,648,76,33267,50633
649,400,gmail.com,com,33250,59069,gmail.com,com,649,400,33236,59096
650,1,go.th,th,33248,62430,go.th,th,650,1,33206,62352
651,27,archives.gov,gov,33201,62433,archives.gov,gov,642,27,33393,62644
652,401,colorlib.com,com,33189,71685,colorlib.com,com,655,404,33160,71578
653,402,ssrn.com,com,33167,58147,ssrn.com,com,652,401,33166,58204
654,403,discovery.com,com,33140,59933,discovery.com,com,644,397,33341,60249
655,77,kde.org,org,33135,53461,kde.org,org,651,77,33176,53581
656,404,nymag.com,com,33132,68972,nymag.com,com,647,399,33293,69150
657,405,themegrill.com,com,33125,79832,themegrill.com,com,659,406,33098,79753
658,4,amazon.co.jp,jp,33110,82290,amazon.co.jp,jp,656,4,33128,82230
659,406,java.com,com,33078,51174,java.com,com,654,403,33164,51203
660,407,canva.com,com,33063,67853,canva.com,com,653,402,33165,67946
661,9,paypal.me,me,33045,67606,paypal.me,me,661,9,33035,67587
662,408,force.com,com,33035,54743,force.com,com,658,405,33106,54868
663,78,wiki.apache.org,org,32997,48508,wiki.apache.org,org,664,78,32981,48506
664,409,tiktok.com,com,32976,67037,tiktok.com,com,672,412,32880,66872
665,410,jotform.com,com,32964,61534,jotform.com,com,663,408,33003,61605
666,28,dot.gov,gov,32943,60637,dot.gov,gov,667,29,32942,60537
667,2,flic.kr,kr,32932,59521,flic.kr,kr,657,2,33120,59739
668,411,phpbb.com,com,32925,64048,phpbb.com,com,669,410,32938,64042
669,412,moz.com,com,32919,65037,moz.com,com,660,407,33037,65114
670,7,bc.ca,ca,32910,61561,bc.ca,ca,666,7,32949,61579
671,413,nokia.com,com,32865,54178,nokia.com,com,671,411,32890,54266
672,4,lemonde.fr,fr,32851,63314,lemonde.fr,fr,670,4,32895,63583
673,79,perl.org,org,32842,49544,perl.org,org,699,84,32435,48877
674,20,theregister.co.uk,uk,32829,56770,theregister.co.uk,uk,665,20,32960,57056
675,80,faqs.org,org,32800,51504,faqs.org,org,679,80,32776,51473
676,81,khanacademy.org,org,32787,56597,khanacademy.org,org,674,79,32843,56670
677,1,uol.com.br,br,32777,69631,uol.com.br,br,677,1,32791,69550
678,1,is.gd,gd,32763,60119,is.gd,gd,676,1,32823,60223
679,414,naver.com,com,32728,72699,naver.com,com,682,417,32703,72456
680,82,acm.org,org,32723,52388,acm.org,org,695,81,32499,51954
681,29,usa.gov,gov,32720,59979,usa.gov,gov,662,28,33032,60465
682,415,com.com,com,32709,56774,com.com,com,675,414,32840,56990
683,416,adweek.com,com,32700,61841,adweek.com,com,673,413,32859,62022
684,40,colorado.edu,edu,32661,54713,colorado.edu,edu,678,40,32785,54793
685,417,prweb.com,com,32626,61834,prweb.com,com,680,415,32766,61895
686,418,urbandictionary.com,com,32615,63810,urbandictionary.com,com,684,418,32627,63911
687,419,yolasite.com,com,32605,60538,yolasite.com,com,681,416,32733,60624
688,420,search.google.com,com,32548,72538,search.google.com,com,693,425,32532,72385
689,421,huawei.com,com,32545,54258,huawei.com,com,687,420,32600,54348
690,83,rfc-editor.org,org,32530,47896,rfc-editor.org,org,696,82,32496,47854
691,41,wustl.edu,edu,32524,55145,wustl.edu,edu,694,42,32521,55194
692,422,mapquest.com,com,32516,60860,mapquest.com,com,690,422,32571,60897
693,423,namecheap.com,com,32508,64156,namecheap.com,com,701,427,32408,63824
694,424,delicious.com,com,32493,61394,delicious.com,com,688,421,32582,61499
695,42,osu.edu,edu,32493,57011,osu.edu,edu,685,41,32620,57252
696,30,justice.gov,gov,32489,62589,justice.gov,gov,698,31,32439,62594
697,425,libsyn.com,com,32450,67907,libsyn.com,com,686,419,32602,68077
698,426,techradar.com,com,32449,59366,techradar.com,com,691,423,32569,59421
699,31,fbi.gov,gov,32444,59530,fbi.gov,gov,689,30,32572,59652
700,84,oxfordjournals.org,org,32421,53402,oxfordjournals.org,org,697,83,32484,53539
701,427,pcworld.com,com,32309,57129,pcworld.com,com,700,426,32434,57306
702,4,vic.gov.au,au,32298,64726,vic.gov.au,au,702,4,32371,64778
703,428,att.com,com,32296,55902,att.com,com,706,430,32299,55921
704,429,uber.com,com,32280,59878,uber.com,com,705,429,32305,59949
705,430,udemy.com,com,32259,64326,udemy.com,com,703,428,32329,64309
706,15,r20.rs6.net,net,32246,64573,r20.rs6.net,net,707,15,32286,64580
707,32,ny.gov,gov,32198,65003,ny.gov,gov,704,32,32307,64972
708,43,indiana.edu,edu,32195,52498,indiana.edu,edu,708,43,32220,52621
709,5,hatena.ne.jp,jp,32143,79992,hatena.ne.jp,jp,711,5,32116,79803
710,44,bu.edu,edu,32105,55169,bu.edu,edu,709,44,32177,55260
711,431,playstation.com,com,32091,63160,playstation.com,com,710,431,32155,63179
712,432,mystrikingly.com,com,32087,60485,mystrikingly.com,com,712,432,32069,60417
713,3,go.kr,kr,32044,62872,go.kr,kr,715,3,32012,62825
714,433,lonelyplanet.com,com,32023,59152,lonelyplanet.com,com,714,433,32032,59303
715,85,fedoraproject.org,org,32016,52749,fedoraproject.org,org,720,85,31819,52402
716,1,ethz.ch,ch,32014,52868,ethz.ch,ch,713,1,32036,52905
717,45,tamu.edu,edu,31834,54550,tamu.edu,edu,719,45,31835,54606
718,2,readthedocs.io,io,31820,48638,readthedocs.io,io,718,2,31848,48638
719,434,ign.com,com,31776,61793,ign.com,com,717,435,31850,61999
720,8,ubc.ca,ca,31679,53604,ubc.ca,ca,721,8,31755,53665
721,33,fcc.gov,gov,31647,56509,fcc.gov,gov,725,33,31620,56447
722,435,bostonglobe.com,com,31620,61580,bostonglobe.com,com,692,424,32562,63174
723,86,bitbucket.org,org,31619,49592,bitbucket.org,org,722,86,31729,49636
724,436,pwc.com,com,31585,52021,pwc.com,com,723,436,31673,52219
725,437,salon.com,com,31497,63131,salon.com,com,726,438,31602,63285
726,438,smithsonianmag.com,com,31483,60922,smithsonianmag.com,com,727,439,31538,61106
727,439,de-de.facebook.com,com,31481,100595,de-de.facebook.com,com,724,437,31636,101074
728,440,elsevierhealth.com,com,31429,54077,elsevierhealth.com,com,716,434,31959,55114
729,87,greenpeace.org,org,31411,54723,greenpeace.org,org,733,87,31322,54576
730,441,snapchat.com,com,31333,61522,snapchat.com,com,729,441,31455,61515
731,88,cpan.org,org,31321,47596,cpan.org,org,738,89,31194,47411
732,442,dropboxusercontent.com,com,31308,53049,dropboxusercontent.com,com,728,440,31518,53218
733,1,last.fm,fm,31288,58673,last.fm,fm,730,1,31395,58800
734,46,udel.edu,edu,31202,48576,udel.edu,edu,735,46,31230,48607
735,89,imf.org,org,31194,52492,imf.org,org,736,88,31215,52545
736,443,wunderground.com,com,31157,55418,wunderground.com,com,734,444,31236,55536
737,444,novell.com,com,31134,47706,novell.com,com,732,443,31326,48026
738,34,dhs.gov,gov,31111,55072,dhs.gov,gov,737,34,31197,55186
739,445,thoughtco.com,com,31042,58974,thoughtco.com,com,731,442,31333,59685
740,446,freepik.com,com,31002,63001,freepik.com,com,744,448,30976,62872
741,447,matterport.com,com,30970,57122,matterport.com,com,741,446,31027,57219
742,21,ucl.ac.uk,uk,30958,52073,ucl.ac.uk,uk,739,21,31067,52226
743,448,photos.google.com,com,30936,55707,photos.google.com,com,740,445,31043,55696
744,449,platform.twitter.com,com,30930,60615,platform.twitter.com,com,745,449,30921,60437
745,9,pinterest.ca,ca,30888,75830,pinterest.ca,ca,742,9,31013,75946
746,450,webex.com,com,30803,46299,webex.com,com,743,447,31002,46476
747,5,google.com.au,au,30786,63346,google.com.au,au,749,5,30866,63357
748,451,podbean.com,com,30776,59796,podbean.com,com,750,453,30840,59845
749,452,tinypic.com,com,30769,57133,tinypic.com,com,746,450,30912,57424
750,453,smugmug.com,com,30764,59452,smugmug.com,com,747,451,30896,59612
751,454,attendee.gotowebinar.com,com,30693,46292,attendee.gotowebinar.com,com,748,452,30892,46501
752,455,autodesk.com,com,30671,50307,autodesk.com,com,752,455,30814,50357
753,456,asus.com,com,30657,53233,asus.com,com,753,456,30708,53223
754,457,nba.com,com,30605,55134,nba.com,com,754,457,30669,55213
755,458,target.com,com,30566,64549,target.com,com,755,458,30636,64587
756,6,pechati-s.ru,ru,30442,56189,pechati-s.ru,ru,759,6,30475,56258
757,16,akamaihd.net,net,30436,57645,akamaihd.net,net,756,16,30576,57860
758,90,gutenberg.org,org,30422,53746,gutenberg.org,org,757,90,30529,53888
759,6,bund.de,de,30405,101459,bund.de,de,762,6,30399,101759
760,459,stripe.com,com,30396,58679,stripe.com,com,761,460,30411,58689
761,460,bigcartel.com,com,30320,64415,bigcartel.com,com,760,459,30452,64484
762,91,cancer.org,org,30289,57392,cancer.org,org,767,92,30307,57380
763,461,herokuapp.com,com,30278,53841,herokuapp.com,com,763,461,30392,53970
764,17,windows.net,net,30277,52051,windows.net,net,758,17,30478,52216
765,9,cntv.cn,cn,30265,74018,cntv.cn,cn,772,9,30205,74114
766,92,cn.wordpress.org,org,30260,116766,cn.wordpress.org,org,775,93,30170,116922
767,2,admin.ch,ch,30256,55622,admin.ch,ch,769,2,30286,55726
768,462,mlb.com,com,30238,57878,mlb.com,com,766,462,30310,57990
769,463,globo.com,com,30222,66386,globo.com,com,768,463,30291,66477
770,10,blogspot.ca,ca,30205,62901,blogspot.ca,ca,765,10,30317,63115
771,464,cygwin.com,com,30194,46244,cygwin.com,com,774,464,30197,46221
772,1,army.mil,mil,30157,54290,army.mil,mil,770,1,30256,54396
773,35,dol.gov,gov,30149,56256,dol.gov,gov,771,35,30255,56332
774,1,tiny.cc,cc,30143,51165,tiny.cc,cc,773,1,30204,51286
775,465,atlassian.com,com,30131,44592,atlassian.com,com,777,466,30155,44624
776,466,webcache.googleusercontent.com,com,30101,52408,webcache.googleusercontent.com,com,776,465,30164,52492
777,1,haxx.se,se,30094,46127,haxx.se,se,781,1,30104,46106
778,467,people.com,com,30080,60830,people.com,com,780,468,30118,60946
779,468,my.matterport.com,com,30064,55018,my.matterport.com,com,779,467,30127,55100
780,36,va.gov,gov,30046,57828,va.gov,gov,778,36,30131,57782
781,469,calendly.com,com,30023,60499,calendly.com,com,789,472,29971,60381
782,47,tufts.edu,edu,30007,52167,tufts.edu,edu,784,47,30047,52128
783,93,consumerreports.org,org,29994,61419,consumerreports.org,org,764,91,30359,62092
784,470,hatenablog.com,com,29975,60194,hatenablog.com,com,787,471,29975,60121
785,94,ap.org,org,29957,53423,ap.org,org,782,94,30081,53578
786,11,canada.ca,ca,29915,58421,canada.ca,ca,785,11,30012,58632
787,37,energy.gov,gov,29908,55111,energy.gov,gov,788,37,29973,55180
788,471,accuweather.com,com,29880,53858,accuweather.com,com,790,473,29937,53978
789,472,computerworld.com,com,29879,49821,computerworld.com,com,783,469,30073,50006
790,95,eurekalert.org,org,29877,53363,eurekalert.org,org,791,95,29929,53428
791,473,thestar.com,com,29839,58680,thestar.com,com,786,470,29981,58877
792,474,mdpi.com,com,29828,50347,mdpi.com,com,793,474,29846,50309
793,475,bilibili.com,com,29800,56791,bilibili.com,com,801,478,29722,56607
794,22,ebay.co.uk,uk,29761,57888,ebay.co.uk,uk,792,22,29853,57972
795,476,thefreedictionary.com,com,29760,54764,thefreedictionary.com,com,794,475,29838,54895
796,48,ncsu.edu,edu,29742,50010,ncsu.edu,edu,799,48,29786,50087
797,38,cia.gov,gov,29726,50487,cia.gov,gov,798,38,29792,50599
798,96,heart.org,org,29724,55125,heart.org,org,797,96,29794,55188
799,2,navy.mil,mil,29716,51040,navy.mil,mil,796,2,29802,51203
800,7,google.ru,ru,29661,61691,google.ru,ru,804,7,29690,61651
801,49,brookings.edu,edu,29641,54447,brookings.edu,edu,802,49,29714,54567
802,477,vanityfair.com,com,29640,58917,vanityfair.com,com,800,477,29735,59003
803,478,pastebin.com,com,29634,53084,pastebin.com,com,805,479,29668,53088
804,479,hyatt.com,com,29630,51706,hyatt.com,com,795,476,29805,51847
805,480,steamcommunity.com,com,29627,57960,steamcommunity.com,com,811,484,29490,57788
806,23,ico.org.uk,uk,29620,70966,ico.org.uk,uk,803,23,29713,71315
807,481,globenewswire.com,com,29576,52929,globenewswire.com,com,806,480,29625,52889
808,39,treasury.gov,gov,29533,53039,treasury.gov,gov,819,40,29223,52394
809,482,office365.com,com,29520,45780,office365.com,com,807,481,29613,45848
810,483,sap.com,com,29481,47634,sap.com,com,808,482,29578,47711
811,2,g.co,co,29469,52457,g.co,co,809,2,29506,52595
812,484,feedly.com,com,29468,60904,feedly.com,com,810,483,29498,60875
813,485,nikkei.com,com,29376,59924,nikkei.com,com,812,485,29435,60062
814,486,prestashop.com,com,29319,61625,prestashop.com,com,817,487,29296,61623
815,10,finance.sina.com.cn,cn,29313,70818,finance.sina.com.cn,cn,816,10,29301,70905
816,50,pitt.edu,edu,29303,48127,pitt.edu,edu,814,50,29334,48158
817,40,congress.gov,gov,29298,55622,congress.gov,gov,813,39,29359,55711
818,487,fifa.com,com,29278,50492,fifa.com,com,815,486,29303,50619
819,97,frontiersin.org,org,29224,51148,frontiersin.org,org,818,97,29244,51116
820,8,narod.ru,ru,29190,58328,narod.ru,ru,820,8,29218,58387
821,488,fool.com,com,29105,54743,fool.com,com,821,488,29199,54756
822,24,standard.co.uk,uk,29059,57184,standard.co.uk,uk,823,24,29100,57347
823,98,openldap.org,org,29043,42118,openldap.org,org,832,99,29010,42072
824,489,homestead.com,com,29034,54238,homestead.com,com,822,489,29187,54307
825,490,douban.com,com,29022,56951,douban.com,com,833,493,28992,56913
826,18,secureserver.net,net,29013,87119,secureserver.net,net,836,18,28953,86878
827,99,craigslist.org,org,28997,56551,craigslist.org,org,827,98,29066,56509
828,41,wa.gov,gov,28991,55641,wa.gov,gov,824,41,29099,55574
829,51,utah.edu,edu,28979,48304,utah.edu,edu,830,51,29023,48342
830,491,lww.com,com,28967,51075,lww.com,com,834,494,28987,51024
831,492,euronews.com,com,28966,53554,euronews.com,com,825,490,29089,53715
832,7,blogspot.de,de,28938,63666,blogspot.de,de,831,7,29021,63897
833,42,sba.gov,gov,28931,56977,sba.gov,gov,829,42,29040,57070
834,493,staticflickr.com,com,28926,58381,staticflickr.com,com,828,492,29050,58530
835,494,voanews.com,com,28920,52876,voanews.com,com,835,495,28964,52969
836,495,500px.com,com,28903,55353,500px.com,com,837,496,28928,55361
837,496,mercurynews.com,com,28895,55967,mercurynews.com,com,826,491,29070,56043
838,11,beian.miit.gov.cn,cn,28841,62902,beian.miit.gov.cn,cn,861,11,28397,61789
839,497,imageshack.com,com,28805,52038,imageshack.com,com,838,497,28904,52162
840,498,securityfocus.com,com,28795,43980,securityfocus.com,com,844,502,28764,43964
841,499,sony.com,com,28781,48847,sony.com,com,846,504,28722,48679
842,500,msdn.com,com,28750,43998,msdn.com,com,843,501,28769,44115
843,501,ibtimes.com,com,28734,53158,ibtimes.com,com,841,500,28789,53241
844,502,jetpack.wordpress.com,com,28716,75523,jetpack.wordpress.com,com,845,503,28734,75568
845,503,snopes.com,com,28704,54487,snopes.com,com,840,499,28794,54586
846,504,hootsuite.com,com,28682,54571,hootsuite.com,com,860,515,28428,54171
847,505,athemes.com,com,28680,66261,athemes.com,com,852,509,28645,66212
848,52,ucsb.edu,edu,28660,47918,ucsb.edu,edu,851,52,28649,47957
849,19,ovh.net,net,28645,54429,ovh.net,net,842,19,28778,54610
850,506,ihg.com,com,28614,47774,ihg.com,com,847,505,28716,47784
851,507,ey.com,com,28601,45249,ey.com,com,849,507,28687,45378
852,508,fiverr.com,com,28564,77211,fiverr.com,com,848,506,28693,77078
853,509,pbs.twimg.com,com,28562,55139,pbs.twimg.com,com,850,508,28652,55311
854,25,ed.ac.uk,uk,28528,45262,ed.ac.uk,uk,855,25,28560,45342
855,510,disney.com,com,28451,52427,disney.com,com,856,512,28532,52630
856,511,medscape.com,com,28440,50981,medscape.com,com,853,510,28612,51125
857,512,icloud.com,com,28423,50584,icloud.com,com,857,513,28506,50761
858,100,olympic.org,org,28406,46598,olympic.org,org,858,100,28475,46793
859,513,foodnetwork.com,com,28372,59343,foodnetwork.com,com,859,514,28443,59596
860,5,lefigaro.fr,fr,28349,53678,lefigaro.fr,fr,862,5,28396,53925
861,101,nobelprize.org,org,28325,47297,nobelprize.org,org,863,101,28373,47384
862,514,accor.com,com,28305,46856,accor.com,com,854,511,28566,47232
863,515,washingtontimes.com,com,28300,53555,washingtontimes.com,com,839,498,28900,54538
864,516,filesusr.com,com,28253,47273,filesusr.com,com,899,536,27646,45982
865,517,ea.com,com,28245,52044,ea.com,com,864,516,28366,52345
866,518,mac.com,com,28227,50059,mac.com,com,866,518,28326,50186
867,519,seattletimes.com,com,28220,54548,seattletimes.com,com,751,454,30838,60088
868,520,billboard.com,com,28176,55455,billboard.com,com,865,517,28350,55670
869,521,qualtrics.com,com,28109,45028,qualtrics.com,com,867,519,28206,45162
870,522,lenovo.com,com,28079,46520,lenovo.com,com,875,524,28097,46579
871,6,ameblo.jp,jp,28076,75744,ameblo.jp,jp,878,6,28069,75656
872,523,ehow.com,com,28052,51989,ehow.com,com,868,520,28180,52148
873,524,news.nationalgeographic.com,com,28049,50081,news.nationalgeographic.com,com,870,521,28165,50240
874,525,form.jotform.com,com,28047,50357,form.jotform.com,com,879,525,28044,50341
875,53,caltech.edu,edu,28041,44565,caltech.edu,edu,869,53,28169,44718
876,526,digital.com,com,28032,42551,digital.com,com,881,527,28032,42534
877,527,nielsen.com,com,28029,48112,nielsen.com,com,873,522,28110,48125
878,102,redcross.org,org,28024,53270,redcross.org,org,871,102,28138,53481
879,528,theregister.com,com,28024,47383,theregister.com,com,874,523,28109,47574
880,529,ups.com,com,28013,43900,ups.com,com,880,526,28037,43951
881,43,usembassy.gov,gov,28009,48347,usembassy.gov,gov,877,43,28074,48478
882,12,amazon.ca,ca,27988,58436,amazon.ca,ca,872,12,28114,58530
883,1,google.nl,nl,27963,65722,google.nl,nl,876,1,28095,65902
884,6,nsw.gov.au,au,27927,55001,nsw.gov.au,au,882,6,27990,55048
885,2,google.com.br,br,27889,58370,google.com.br,br,886,2,27879,58211
886,530,xbox.com,com,27855,51062,xbox.com,com,884,529,27916,51153
887,531,garmin.com,com,27840,48640,garmin.com,com,883,528,27919,48829
888,20,speedtest.net,net,27840,44995,speedtest.net,net,887,20,27872,45005
889,44,cancer.gov,gov,27831,49023,cancer.gov,gov,891,44,27832,49038
890,532,usps.com,com,27818,50700,usps.com,com,885,530,27886,50709
891,3,coe.int,int,27800,47571,coe.int,int,888,3,27861,47613
892,533,netdna-ssl.com,com,27781,55124,netdna-ssl.com,com,893,533,27776,55087
893,534,lh3.googleusercontent.com,com,27780,55419,lh3.googleusercontent.com,com,890,532,27851,55406
894,535,irishtimes.com,com,27763,51758,irishtimes.com,com,889,531,27854,51881
895,536,cell.com,com,27760,47405,cell.com,com,894,534,27776,47451
896,103,undp.org,org,27711,45902,undp.org,org,892,103,27812,45938
897,537,lego.com,com,27677,48306,lego.com,com,895,535,27751,48344
898,104,us.org,org,27666,50811,us.org,org,898,104,27654,50691
899,8,ccc.de,de,27633,46331,ccc.de,de,900,8,27627,46342
900,3,youronlinechoices.eu,eu,27620,62303,youronlinechoices.eu,eu,904,3,27586,62366
901,6,amazon.fr,fr,27590,54902,amazon.fr,fr,896,6,27690,55209
902,105,it.wikipedia.org,org,27566,60465,it.wikipedia.org,org,903,105,27596,60549
903,538,wikidot.com,com,27548,47654,wikidot.com,com,902,538,27601,47681
904,54,hawaii.edu,edu,27547,44998,hawaii.edu,edu,897,54,27656,45103
905,106,en.wiktionary.org,org,27528,50038,en.wiktionary.org,org,905,106,27572,50141
906,539,technorati.com,com,27493,49281,technorati.com,com,901,537,27601,49392
907,540,perl.com,com,27412,41316,perl.com,com,911,542,27381,41273
908,55,vt.edu,edu,27411,44711,vt.edu,edu,906,55,27512,44886
909,3,scoop.it,it,27399,50349,scoop.it,it,907,3,27495,50391
910,541,nasdaq.com,com,27394,47078,nasdaq.com,com,909,540,27438,47066
911,542,panasonic.com,com,27385,46838,panasonic.com,com,914,545,27331,46624
912,543,iheart.com,com,27345,54012,iheart.com,com,908,539,27488,54094
913,544,ndtv.com,com,27314,54515,ndtv.com,com,912,543,27348,54554
914,545,examiner.com,com,27308,51557,examiner.com,com,910,541,27427,51821
915,546,amd.com,com,27286,43885,amd.com,com,913,544,27344,43920
916,547,crunchbase.com,com,27272,49534,crunchbase.com,com,916,547,27285,49576
917,56,georgetown.edu,edu,27258,45294,georgetown.edu,edu,917,56,27280,45341
918,548,000webhostapp.com,com,27227,51049,000webhostapp.com,com,918,548,27254,51098
919,549,zhihu.com,com,27205,51689,zhihu.com,com,923,550,27128,51636
920,550,gamespot.com,com,27194,51158,gamespot.com,com,915,546,27286,51200
921,551,toutiao.com,com,27155,60949,toutiao.com,com,927,553,27037,60860
922,45,gpo.gov,gov,27139,46948,gpo.gov,gov,919,45,27196,47055
923,57,brown.edu,edu,27089,44637,brown.edu,edu,922,57,27161,44794
924,552,accenture.com,com,27086,43429,accenture.com,com,921,549,27187,43539
925,7,rakuten.co.jp,jp,27031,66946,rakuten.co.jp,jp,926,7,27077,66885
926,553,reference.com,com,27021,49142,reference.com,com,924,551,27123,49305
927,1,1drv.ms,ms,27013,45085,1drv.ms,ms,920,1,27187,45215
928,1,51.la,la,26997,63155,51.la,la,930,1,26975,63062
929,554,csmonitor.com,com,26962,49578,csmonitor.com,com,925,552,27120,49788
930,555,patch.com,com,26950,54758,patch.com,com,928,554,27028,54762
931,1,blog.google,google,26947,48291,blog.google,google,950,1,26689,48031
932,556,warnerbros.com,com,26928,46804,warnerbros.com,com,929,555,27002,47005
933,58,gatech.edu,edu,26923,42495,gatech.edu,edu,932,58,26924,42587
934,557,mtv.com,com,26884,50339,mtv.com,com,933,556,26918,50310
935,558,americanexpress.com,com,26873,48043,americanexpress.com,com,934,557,26913,48155
936,559,lg.com,com,26865,45929,lg.com,com,975,576,26251,44888
937,560,zoho.com,com,26862,47066,zoho.com,com,940,562,26818,47061
938,46,medlineplus.gov,gov,26834,52392,medlineplus.gov,gov,953,46,26651,52040
939,107,gimp.org,org,26822,45316,gimp.org,org,931,107,26970,45485
940,561,fedex.com,com,26822,42799,fedex.com,com,938,560,26851,42791
941,108,ilo.org,org,26816,42939,ilo.org,org,935,108,26870,43031
942,562,duckduckgo.com,com,26785,46195,duckduckgo.com,com,936,558,26856,46242
943,563,startribune.com,com,26754,51072,startribune.com,com,937,559,26851,51126
944,564,philips.com,com,26745,42987,philips.com,com,939,561,26821,43078
945,7,asso.fr,fr,26743,48684,asso.fr,fr,941,7,26784,48880
946,59,colostate.edu,edu,26690,45174,colostate.edu,edu,946,60,26719,45254
947,565,answers.com,com,26660,46691,answers.com,com,942,563,26772,46808
948,1,vatican.va,va,26654,48394,vatican.va,va,943,1,26735,48492
949,566,storage.googleapis.com,com,26649,47863,storage.googleapis.com,com,944,564,26732,47879
950,567,item.taobao.com,com,26635,47833,item.taobao.com,com,957,569,26577,47781
951,60,cuny.edu,edu,26624,45038,cuny.edu,edu,945,59,26724,45136
952,568,webnode.com,com,26621,49186,webnode.com,com,947,565,26706,49366
953,5,tx.us,us,26602,48932,tx.us,us,952,5,26658,48996
954,26,service.gov.uk,uk,26594,53163,service.gov.uk,uk,948,26,26699,53373
955,61,uga.edu,edu,26593,44631,uga.edu,edu,956,61,26608,44648
956,569,mcafee.com,com,26581,41885,mcafee.com,com,954,568,26642,41937
957,570,searchengineland.com,com,26577,48731,searchengineland.com,com,949,566,26691,48807
958,571,pinimg.com,com,26566,52838,pinimg.com,com,951,567,26680,52966
959,109,isc.org,org,26535,39845,isc.org,org,964,111,26507,39811
960,110,iop.org,org,26524,41540,iop.org,org,959,110,26560,41630
961,13,globalnews.ca,ca,26470,52014,globalnews.ca,ca,967,13,26441,51892
962,572,buydomains.com,com,26468,42679,buydomains.com,com,968,573,26429,42689
963,62,oregonstate.edu,edu,26464,45576,oregonstate.edu,edu,962,62,26520,45585
964,27,eventbrite.co.uk,uk,26462,53821,eventbrite.co.uk,uk,955,27,26622,54144
965,9,welt.de,de,26448,59224,welt.de,de,960,9,26557,59418
966,111,hrw.org,org,26421,48026,hrw.org,org,958,109,26570,48197
967,573,shutterfly.com,com,26353,48605,shutterfly.com,com,963,571,26516,48751
968,574,bell-labs.com,com,26341,39475,bell-labs.com,com,969,574,26378,39501
969,12,gmw.cn,cn,26333,73544,gmw.cn,cn,971,12,26309,73648
970,47,fema.gov,gov,26332,48402,fema.gov,gov,965,47,26466,48470
971,575,storify.com,com,26330,45151,storify.com,com,966,572,26450,45328
972,8,japantimes.co.jp,jp,26300,46615,japantimes.co.jp,jp,972,8,26288,46738
973,13,news.sina.com.cn,cn,26281,63293,news.sina.com.cn,cn,976,13,26231,63318
974,48,nyc.gov,gov,26224,48420,nyc.gov,gov,973,48,26287,48465
975,576,msnbc.com,com,26220,47246,msnbc.com,com,974,575,26276,47392
976,2,worldometers.info,info,26210,47778,worldometers.info,info,977,2,26220,47844
977,577,neilpatel.com,com,26165,51751,neilpatel.com,com,961,570,26549,52235
978,112,openoffice.org,org,26162,42240,openoffice.org,org,970,112,26315,42402
979,9,nhk.or.jp,jp,26108,57277,nhk.or.jp,jp,979,9,26147,57373
980,113,semanticscholar.org,org,26077,43807,semanticscholar.org,org,978,113,26172,43905
981,578,redbull.com,com,26076,46880,redbull.com,com,983,578,26083,46986
982,579,blackberry.com,com,26076,44979,blackberry.com,com,980,577,26131,45087
983,2,gob.es,es,26062,55633,gob.es,es,986,3,26052,55770
984,114,sourceware.org,org,26034,39465,sourceware.org,org,990,114,26018,39434
985,3,blogspot.com.es,es,26027,58188,blogspot.com.es,es,981,2,26122,58411
986,1,google.com.hk,hk,26026,44121,google.com.hk,hk,993,1,26004,44033
987,21,brightcove.net,net,26011,45844,brightcove.net,net,982,21,26092,45993
988,580,thawte.com,com,25992,39415,thawte.com,com,991,582,26012,39400
989,4,esa.int,int,25980,42371,esa.int,int,988,4,26041,42468
990,581,miamiherald.com,com,25971,49753,miamiherald.com,com,984,579,26075,49935
991,582,reverbnation.com,com,25954,50056,reverbnation.com,com,987,580,26042,50207
992,49,osha.gov,gov,25952,48539,osha.gov,gov,985,49,26065,48601
993,1,waw.pl,pl,25950,49469,waw.pl,pl,994,1,25993,49524
994,583,xkcd.com,com,25936,44341,xkcd.com,com,989,581,26020,44463
995,115,metmuseum.org,org,25909,45277,metmuseum.org,org,997,115,25952,45292
996,584,translate.googleusercontent.com,com,25908,47852,translate.googleusercontent.com,com,992,583,26009,47980
997,63,unl.edu,edu,25884,42637,unl.edu,edu,995,63,25964,42734
998,585,findlaw.com,com,25883,48888,findlaw.com,com,996,584,25960,48938
999,586,trendmicro.com,com,25879,41872,trendmicro.com,com,1001,587,25880,41750
1000,587,kaspersky.com,com,25871,42042,kaspersky.com,com,998,585,25930,42075